{"cameraMode":{"drawMode":0,"name":"Shaded","section":"Shading Mode"},"sceneLighting":false,"audioPlay":false,"sceneViewState":{"m_AlwaysRefresh":false,"showFog":true,"showSkybox":false,"showFlares":true,"showImageEffects":true,"showParticleSystems":true,"showVisualEffectGraphs":true,"m_FxEnabled":true},"in2DMode":false,"pivot":{"x":-1.4374189376831055,"y":-1.0315923690795899,"z":-9.234549522399903},"rotation":{"x":-0.12604860961437226,"y":0.14733535051345826,"z":-0.018932001665234567,"w":-0.9808456897735596},"size":0.08660261332988739,"orthographic":false}