{"cameraMode":{"drawMode":0,"name":"Shaded","section":"Shading Mode"},"sceneLighting":false,"audioPlay":false,"sceneViewState":{"m_AlwaysRefresh":false,"showFog":true,"showSkybox":false,"showFlares":true,"showImageEffects":true,"showParticleSystems":true,"showVisualEffectGraphs":true,"m_FxEnabled":true},"in2DMode":false,"pivot":{"x":0.5138522386550903,"y":0.013454901054501534,"z":-11.482069969177246},"rotation":{"x":0.1697874218225479,"y":0.780072033405304,"z":0.23976418375968934,"w":-0.5524388551712036},"size":0.04389446973800659,"orthographic":false}