{"cameraMode":{"drawMode":0,"name":"Shaded","section":"Shading Mode"},"sceneLighting":false,"audioPlay":false,"sceneViewState":{"m_AlwaysRefresh":false,"showFog":true,"showSkybox":false,"showFlares":true,"showImageEffects":true,"showParticleSystems":true,"showVisualEffectGraphs":true,"m_FxEnabled":true},"in2DMode":false,"pivot":{"x":0.6179314851760864,"y":-0.009965777397155762,"z":-11.470625877380371},"rotation":{"x":-0.2677861154079437,"y":0.6662028431892395,"z":-0.2799472212791443,"w":-0.6372623443603516},"size":0.7568126916885376,"orthographic":false}